Wall time,Step,Value
1504651916.1979,1,0
1504651999.38119,2,4
1504652226.81502,3,31
