Wall time,Step,Value
1504281809.39721,0,34
1504281974.45965,1,45
1504282150.55735,2,57
1504282279.17913,3,115
1504282403.14197,4,127
1504282518.15371,5,161
1504282649.99156,6,95
