Wall time,Step,Value
1504709440.54171,1,0
1504709788.57232,2,60
1504709938.51024,3,13
1504710258.41948,4,43
