Wall time,Step,Value
1504999459.1367,0,36
1504999659.03524,1,36
1504999808.44927,2,50
1504999958.43738,3,63
1505000115.60257,4,71
1505000251.83031,5,60
