Wall time,Step,Value
1504623935.37212,1,0
1504624011.95078,2,0
1504624234.96442,3,22
