Wall time,Step,Value
1504216442.11649,0,27
1504216595.31511,1,27
1504216754.57592,2,37
1504216913.02834,3,30
1504217071.45561,4,34
1504217234.114,5,27
