Wall time,Step,Value
1504290405.29769,0,38
1504290567.00952,1,44
1504290721.72228,2,46
1504290881.93286,3,54
1504291043.39342,4,49
1504291208.7969,5,34
