Wall time,Step,Value
1504644940.16229,1,9
1504645341.26983,2,70
1504645523.417,3,15
