Wall time,Step,Value
1504026331.06323,0,36
1504026567.06704,1,50
1504026689.41824,2,113
1504026796.47521,3,197
1504026903.81697,4,183
1504027011.05995,5,197
1504027117.65139,6,197
