Wall time,Step,Value
1504299949.47875,0,29
1504300094.24667,1,45
1504300231.91144,2,84
1504300362.64459,3,109
1504300493.41796,4,132
1504300624.08858,5,132
1504300754.96091,6,111
