Wall time,Step,Value
1504737233.77405,1,0
1504737466.54552,2,28
1504737607.19249,3,10
1504737837.94573,4,32
1504737987.26645,5,13
